u,987
im,462
go,416
get,364
come,292
call,287
ltgt,276
ok,272
dont,268
know,244
ill,242
like,242
ur,240
love,236
got,232
good,223
time,220
day,219
want,212
need,175
one,170
lor,160
home,160
sorri,153
see,152
think,152
still,146
take,141
say,138
tell,138
send,135
n,135
later,134
make,134
today,133
da,131
r,131
work,131
back,129
well,127
ask,126
cant,120
hope,119
happi,118
hi,117
meet,117
miss,116
much,112
oh,111
thing,111
night,110
wat,108
hey,106
give,105
great,102
that,101
dear,100
way,100
pls,98
wait,95
right,93
feel,92
friend,89
alreadi,89
thank,89
let,87
said,86
text,86
pick,85
yeah,85
realli,85
phone,84
even,83
didnt,83
leav,82
amp,82
morn,81
tomorrow,80
pleas,79
e,78
sure,77
cos,76
ive,75
tri,75
care,75
anyth,74
sleep,74
life,74
babe,74
lol,73
would,72
week,72
smile,71
buy,71
yes,71
k,71
keep,70
someth,69
watch,69
wish,69
number,68
also,68
new,67
finish,67
last,66
year,65
b,63
messag,62
went,61
place,60
use,60
look,60
c,60
around,59
free,59
gonna,58
sent,58
plan,58
tonight,57
nice,57
late,57
soon,56
talk,56
mani,56
guy,56
first,56
person,56
alway,56
start,55
dun,55
us,55
ya,55
msg,54
gud,53
could,53
wan,53
money,53
told,53
find,52
mean,52
your,52
wont,51
check,51
happen,50
repli,50
thk,50
lot,49
peopl,48
yet,48
haha,48
fuck,47
hello,47
v,47
havent,47
thought,47
hour,46
reach,46
next,46
someon,46
class,45
done,45
stop,45
lunch,45
car,45
eat,45
job,45
fine,45
man,44
how,44
bit,44
minut,44
yup,43
stuff,43
never,43
mayb,42
heart,42
long,42
dat,42
better,41
problem,41
worri,41
end,41
cool,40
everi,40
god,40
x,40
girl,40
month,40
drive,40
quit,39
help,39
wonder,39
may,39
mind,39
pay,38
best,38
th,38
lar,38
room,38
min,38
name,37
bring,37
boy,37
hous,37
shop,36
readi,36
yo,36
kiss,36
put,35
shit,35
birthday,35
big,35
guess,35
liao,35
jus,35
anoth,35
dinner,35
sweet,35
sir,34
actual,34
noth,34
rememb,34
show,34
might,34
world,34
word,34
what,33
earli,33
stay,33
hes,33
aight,33
probabl,33
princess,32
hurt,32
book,32
special,32
pa,32
den,32
bed,32
enjoy,32
chang,32
ever,32
thanx,32
dunno,31
two,31
wake,31
luv,31
bad,31
anyway,31
forgot,31
run,31
ah,30
id,30
hear,30
dad,30
bus,30
babi,30
left,29
leh,29
everyth,29
shall,29
school,29
shes,29
walk,29
face,29
tmr,28
doesnt,28
pain,28
made,28
without,28
sat,28
wanna,28
afternoon,28
dis,28
test,27
play,27
mail,27
decid,27
wif,27
weekend,27
lose,27
littl,27
enough,27
nite,27
live,27
read,27
movi,26
goe,26
sound,26
abl,26
came,26
lesson,26
though,26
abt,26
okay,26
hav,26
there,25
plz,25
sinc,25
til,25
smoke,25
half,25
juz,25
speak,25
bath,25
offic,25
de,24
question,24
answer,24
account,24
town,24
pm,24
bore,24
hair,24
real,24
wife,24
dude,24
dream,24
wen,24
drink,23
els,23
st,23
wot,23
alright,23
fun,23
lei,23
food,23
saw,23
beauti,23
ltdecimalgt,23
haf,23
hand,23
head,23
oso,23
tv,22
ard,22
drop,22
set,22
part,22
post,22
must,22
onlin,22
true,22
sch,22
friendship,22
open,21
famili,21
togeth,21
mom,21
till,21
away,21
caus,21
hold,21
full,21
xxx,21
tot,21
goin,21
sad,21
second,21
detail,20
isnt,20
search,20
murder,20
brother,20
reason,20
noe,20
stori,20
oki,20
busi,20
huh,20
yesterday,20
trip,19
studi,19
train,19
touch,19
rite,19
took,19
aft,19
treat,19
awesom,19
complet,19
coz,19
mum,19
plus,18
bt,18
wil,18
move,18
email,18
angri,18
forget,18
kind,18
sms,18
neva,18
sister,18
believ,18
win,18
prob,18
die,18
old,18
close,18
easi,18
fri,17
join,17
everyon,17
point,17
whatev,17
listen,17
knw,17
bday,17
address,17
anyon,17
sis,17
laugh,17
tomo,17
g,17
parent,17
mine,17
simpl,17
tho,17
seem,16
pub,16
light,16
sun,16
sell,16
wid,16
park,16
final,16
ring,16
outsid,16
sort,16
found,16
uncl,16
mate,16
colleg,16
boytoy,16
gd,16
joke,16
far,16
exam,16
ha,16
sit,16
smth,16
project,15
valentin,15
chat,15
cut,15
type,15
oredi,15
wit,15
sea,15
mobil,15
gone,15
compani,15
parti,15
friday,15
bank,15
serious,15
nope,15
carlo,15
import,15
return,15
pretti,15
wasnt,15
rain,15
drug,15
hard,15
case,15
wrong,15
mu,14
meant,14
cours,14
goodmorn,14
jay,14
youll,14
eve,14
fast,14
whole,14
scream,14
card,14
darlin,14
contact,14
interest,14
break,14
alon,14
understand,14
w,14
differ,14
mrng,14
gal,14
snow,14
spend,14
nt,14
kid,14
suppos,14
frnds,14
hee,13
charg,13
joy,13
catch,13
save,13
side,13
fren,13
confirm,13
dnt,13
almost,13
tire,13
fr,13
chennai,13
song,13
ten,13
moment,13
bout,13
yar,13
avail,13
march,13
game,13
cash,13
per,13
mah,13
rock,13
ass,13
paper,13
xmas,13
figur,13
usual,13
ticket,13
least,13
forward,13
bslvyl,13
felt,13
shower,13
earlier,13
gas,13
txt,13
coupl,12
laptop,12
chikku,12
difficult,12
tel,12
hit,12
holiday,12
hungri,12
wed,12
gr,12
chanc,12
darren,12
cheer,12
ugh,12
wine,12
john,12
gym,12
truth,12
ago,12
ish,12
seen,12
invit,12
swing,12
crave,12
rent,12
grin,12
blue,12
promis,12
askd,12
pic,12
cost,12
knew,12
safe,12
fill,12
hell,12
sexi,12
nd,12
fix,12
gotta,12
hospit,12
turn,12
semest,12
ni,12
either,12
eh,12
father,12
near,11
rs,11
silent,11
abiola,11
muz,11
kate,11
fight,11
orchard,11
comin,11
hmm,11
marri,11
slow,11
lost,11
expect,11
disturb,11
date,11
wana,11
usf,11
surpris,11
inform,11
stand,11
clean,11
sometim,11
download,11
christma,11
quick,11
slowli,11
idea,11
custom,11
poor,11
frm,11
teach,11
load,11
whenev,11
small,11
normal,11
short,11
lovabl,11
copi,11
otherwis,10
across,10
gap,10
woke,10
na,10
doctor,10
fact,10
gift,10
rd,10
possibl,10
mm,10
support,10
less,10
convey,10
natur,10
deal,10
monday,10
doin,10
deep,10
bcoz,10
road,10
eye,10
cum,10
correct,10
remind,10
style,10
ure,10
door,10
ex,10
whos,10
fall,10
somewher,10
hrs,10
water,10
excus,10
pass,10
ad,10
write,10
fone,10
stupid,10
voic,10
yep,10
india,10
cover,10
cook,10
exact,10
empti,10
mr,10
clear,10
page,10
youv,10
oop,10
nah,10
sick,10
wast,10
pray,10
situat,10
frnd,10
polic,10
trust,10
callertun,10
press,10
crazi,10
gave,10
wow,10
apart,10
noon,9
ladi,9
tampa,9
receiv,9
via,9
mark,9
player,9
bill,9
share,9
lazi,9
lect,9
tht,9
thinkin,9
other,9
em,9
lucki,9
regard,9
opinion,9
film,9
offer,9
meh,9
depend,9
appreci,9
saturday,9
line,9
nobodi,9
warm,9
forev,9
collect,9
mode,9
bless,9
wear,9
photo,9
met,9
hiya,9
gentl,9
log,9
xy,9
merri,9
bold,9
power,9
rest,9
accept,9
enter,9
somebodi,9
boss,9
comput,9
glad,9
list,9
lift,9
especi,9
add,9
teas,9
visit,9
unless,9
mrt,9
request,9
colleagu,9
urself,9
age,9
basic,9
hmmm,9
aint,9
ho,9
lover,9
spent,8
hr,8
facebook,8
direct,8
pleasur,8
rose,8
credit,8
troubl,8
weed,8
mistak,8
price,8
nigeria,8
none,8
aha,8
celebr,8
funni,8
order,8
goodnight,8
pete,8
congrat,8
relat,8
lemm,8
mon,8
bother,8
din,8
bb,8
kinda,8
round,8
sign,8
bak,8
definit,8
south,8
wednesday,8
alex,8
success,8
longer,8
mood,8
il,8
workin,8
settl,8
tear,8
gt,8
medic,8
daddi,8
omg,8
mo,8
connect,8
dead,8
slept,8
slave,8
choos,8
pizza,8
indian,8
present,8
file,8
sofa,8
experi,8
youd,8
sunday,8
where,8
tuesday,8
fat,8
finger,8
nyt,8
tonit,8
anymor,8
roommat,8
manag,8
letter,8
hurri,8
student,8
heard,8
gettin,8
bag,8
librari,8
cuz,7
lttimegt,7
cri,7
instead,7
umma,7
men,7
buzz,7
excel,7
ice,7
yoga,7
hug,7
awak,7
sens,7
msgs,7
bugi,7
la,7
coffe,7
cine,7
imagin,7
arent,7
holla,7
eatin,7
top,7
kb,7
yest,7
torch,7
fetch,7
theyr,7
remain,7
sight,7
insid,7
prefer,7
singl,7
insur,7
honey,7
shd,7
tough,7
dog,7
bare,7
heavi,7
wun,7
cell,7
thru,7
weight,7
news,7
miracl,7
naughti,7
kill,7
doc,7
remov,7
omw,7
hot,7
rather,7
ahead,7
weak,7
ge,7
med,7
vl,7
izzit,7
xx,7
dollar,7
air,7
wk,7
vomit,7
mei,7
sigh,7
hai,7
relax,7
pop,7
malaria,7
pictur,7
weather,7
al,7
suck,7
total,7
shuhui,7
imma,7
ar,7
greet,7
irrit,7
luck,7
piss,7
charact,7
net,7
hop,7
cute,7
ship,7
shirt,7
buck,7
energi,7
howev,7
hw,7
thnk,7
mid,7
wors,7
kick,7
housemaid,7
discuss,7
becom,7
toward,7
role,7
past,7
system,7
batteri,7
ahmad,6
cancel,6
street,6
shell,6
budget,6
an,6
aiyah,6
welcom,6
cal,6
yahoo,6
mell,6
tea,6
content,6
fault,6
num,6
attend,6
yiju,6
dint,6
consid,6
nake,6
valu,6
ignor,6
askin,6
realiz,6
respond,6
report,6
vri,6
j,6
surf,6
wiv,6
januari,6
fyi,6
self,6
wnt,6
advanc,6
freak,6
boo,6
model,6
loverboy,6
evng,6
practic,6
within,6
couldnt,6
campus,6
lmao,6
guid,6
yrs,6
network,6
colour,6
bird,6
tat,6
childish,6
travel,6
sup,6
tyler,6
coin,6
pilat,6
children,6
current,6
inch,6
tick,6
dai,6
lt,6
egg,6
damn,6
kalli,6
space,6
fool,6
fullonsmscom,6
cold,6
matur,6
etc,6
lr,6
internet,6
caller,6
prepar,6
cuddl,6
lead,6
random,6
loan,6
midnight,6
skype,6
argument,6
vikki,6
group,6
matter,6
wer,6
theatr,6
sim,6
hang,6
hook,6
aiyo,6
version,6
throw,6
cancer,6
p,6
stock,6
bedroom,6
aftr,6
key,6
result,6
anybodi,6
spoke,6
paid,6
track,6
plenti,6
arm,6
wherev,6
delet,6
ull,6
alrit,6
learn,6
marriag,6
ttyl,6
howz,6
issu,6
ki,6
shouldnt,6
menu,6
updat,6
sunni,6
hate,6
ate,6
behind,6
cheap,6
solv,6
secret,6
fb,6
expens,6
yay,6
fanci,6
pussi,6
decis,6
lie,6
station,6
armand,6
nxt,6
bcum,5
vote,5
gee,5
strong,5
servic,5
aunti,5
avoid,5
spell,5
sed,5
common,5
belli,5
transfer,5
pound,5
flat,5
activ,5
urgnt,5
app,5
everybodi,5
chines,5
argu,5
respons,5
hill,5
rem,5
piec,5
rang,5
frndship,5
cbe,5
moon,5
uni,5
yan,5
cafe,5
broke,5
mother,5
italian,5
step,5
horribl,5
cartoon,5
rpli,5
plane,5
ride,5
hv,5
area,5
pple,5
cinema,5
amt,5
dress,5
possess,5
print,5
rush,5
extra,5
arrang,5
obvious,5
embarass,5
concentr,5
wouldnt,5
black,5
express,5
darl,5
sec,5
cannot,5
link,5
mile,5
stylish,5
refer,5
doubl,5
brilliant,5
jiu,5
moan,5
qualiti,5
begin,5
si,5
earth,5
boost,5
hostel,5
whether,5
nvm,5
nw,5
thursday,5
transact,5
arrest,5
peac,5
hotel,5
match,5
ym,5
scare,5
bf,5
weve,5
ran,5
ray,5
white,5
art,5
yun,5
interview,5
suggest,5
reali,5
feb,5
immedi,5
constant,5
ador,5
exhaust,5
jesus,5
kerala,5
caken,5
box,5
derek,5
blank,5
law,5
boston,5
asleep,5
site,5
enemi,5
social,5
yogasana,5
advic,5
twice,5
draw,5
assum,5
iam,5
replac,5
amount,5
deliv,5
cabin,5
select,5
diet,5
jazz,5
predict,5
dey,5
beer,5
recent,5
lookin,5
stress,5
creat,5
er,5
mrw,5
bun,5
hasnt,5
regist,5
clock,5
bowl,5
english,5
pin,5
centr,5
build,5
affair,5
lik,5
ru,5
moral,5
april,5
sum,5
somethin,5
bodi,5
limit,5
lick,5
except,5
sing,5
bar,5
googl,5
ave,5
didt,5
geeee,5
messageit,5
latr,5
appoint,5
intro,5
tis,5
lectur,5
rais,5
fail,5
note,5
sale,5
will,5
includ,5
bitch,5
vijay,4
gari,4
modul,4
often,4
wall,4
term,4
futur,4
acc,4
roger,4
bite,4
dri,4
pig,4
mumtaz,4
suit,4
mad,4
shame,4
mite,4
theori,4
fever,4
dem,4
easier,4
graviti,4
captain,4
cheat,4
appli,4
score,4
lab,4
addict,4
shoot,4
allow,4
due,4
bud,4
confid,4
aiyar,4
asap,4
general,4
aunt,4
straight,4
crash,4
pie,4
three,4
romant,4
pack,4
develop,4
spl,4
math,4
forc,4
kusruthi,4
jada,4
throat,4
btw,4
outta,4
gram,4
flirt,4
quot,4
leona,4
salari,4
passion,4
closer,4
store,4
chicken,4
grl,4
wyli,4
feet,4
essenti,4
grand,4
talent,4
sore,4
sugar,4
kept,4
window,4
magic,4
infern,4
cup,4
happend,4
stone,4
convinc,4
sooner,4
push,4
forum,4
affect,4
appar,4
hip,4
cat,4
wtf,4
legal,4
kkhow,4
govtinstituit,4
meetin,4
mmm,4
se,4
idk,4
public,4
nyc,4
chase,4
act,4
kidz,4
worth,4
oz,4
confus,4
bishan,4
closedinclud,4
tih,4
havnt,4
oru,4
kettoda,4
becoz,4
bloodi,4
explain,4
tablet,4
manda,4
puriti,4
sha,4
row,4
king,4
breath,4
map,4
ron,4
airport,4
dare,4
process,4
yuo,4
weird,4
record,4
oni,4
pix,4
notic,4
ruin,4
takin,4
meal,4
def,4
jess,4
speed,4
high,4
leg,4
master,4
pull,4
accident,4
team,4
godi,4
youclean,4
bloodsend,4
itplspl,4
anytim,4
atlanta,4
tt,4
unlimit,4
height,4
maintain,4
waitin,4
spoken,4
ppl,4
cud,4
when,4
drivin,4
cake,4
research,4
red,4
queen,4
bay,4
bin,4
season,4
realis,4
shout,4
belovd,4
follow,4
fli,4
danc,4
flower,4
sourc,4
music,4
februari,4
templ,4
church,4
wah,4
websit,4
fifteen,4
green,4
blackberri,4
respect,4
brain,4
taunton,4
sheet,4
esplanad,4
bet,4
moji,4
hella,4
abi,4
sura,4
escap,4
morrow,4
gorgeous,4
seri,4
posit,4
bye,4
password,4
iq,4
rule,4
qatar,4
thts,4
woman,4
intellig,4
effect,4
impress,4
favour,4
dedic,4
valuabl,4
meanwhil,4
ps,4
mummi,4
machan,4
dictionari,4
befor,4
tm,4
envelop,4
urn,4
lay,4
burn,4
bright,4
cream,4
aiya,4
handl,4
requir,4
balanc,4
reserv,4
appt,4
bought,4
iz,4
tuition,4
ach,4
loss,4
tessypl,3
warn,3
mac,3
weigh,3
xavier,3
attach,3
journey,3
stomach,3
bottl,3
thm,3
wkend,3
univers,3
along,3
diff,3
china,3
born,3
spring,3
regret,3
nimya,3
jst,3
msging,3
bein,3
jan,3
rajipl,3
spk,3
distanc,3
faster,3
wifehow,3
nap,3
shorter,3
wn,3
nokia,3
temp,3
spare,3
deni,3
diamond,3
eaten,3
mas,3
beg,3
taylor,3
hahahaus,3
dsnt,3
display,3
soup,3
unabl,3
opportun,3
comedi,3
imposs,3
anywher,3
lip,3
hint,3
nimyapl,3
tog,3
morphin,3
gimm,3
california,3
shesil,3
favor,3
haiz,3
measur,3
outstand,3
allah,3
shija,3
natuit,3
yr,3
eight,3
proper,3
lock,3
monkey,3
pg,3
certain,3
stupidit,3
twelv,3
aah,3
enuff,3
blake,3
waitu,3
middl,3
carri,3
receipt,3
officeunderstand,3
ese,3
prospect,3
buff,3
sweetest,3
honeybe,3
ic,3
gang,3
lousi,3
avatar,3
tue,3
addi,3
strike,3
cardiff,3
wt,3
margaret,3
cheaper,3
girlfrnd,3
f,3
crack,3
grahmbel,3
invnt,3
telphon,3
moralon,3
citizen,3
unsold,3
shld,3
flake,3
option,3
orang,3
goodnit,3
star,3
sen,3
missin,3
low,3
seat,3
guilti,3
adventur,3
cloth,3
forevr,3
dirti,3
di,3
challeng,3
jog,3
usualiam,3
death,3
stuck,3
arun,3
erm,3
transfr,3
philosophi,3
combin,3
beyond,3
shove,3
packag,3
medicin,3
husband,3
five,3
toa,3
motiv,3
payoh,3
payment,3
incid,3
violenc,3
fathima,3
tb,3
booti,3
bro,3
despar,3
sub,3
kadeem,3
releas,3
courag,3
brotha,3
fire,3
perfect,3
blame,3
freez,3
fring,3
resum,3
maga,3
cn,3
ikea,3
serv,3
stomp,3
tabl,3
pout,3
cramp,3
nan,3
arriv,3
bros,3
dislik,3
phne,3
storm,3
screen,3
drunk,3
stamp,3
countri,3
calicut,3
ths,3
amaz,3
speechless,3
roast,3
educ,3
career,3
june,3
simpli,3
technic,3
gmgngegn,3
juici,3
thangam,3
ta,3
okey,3
dearer,3
evn,3
alwi,3
auto,3
ne,3
depress,3
wind,3
foreign,3
rich,3
prey,3
exe,3
argh,3
fell,3
dark,3
audit,3
macho,3
messageno,3
dubsack,3
prolli,3
responcewhat,3
welp,3
camera,3
cannt,3
wisdom,3
hesit,3
fuckin,3
wkg,3
butt,3
jason,3
yetund,3
vodka,3
terribl,3
gain,3
yor,3
size,3
tape,3
okok,3
siri,3
ipad,3
fran,3
major,3
knacker,3
softwar,3
garden,3
idiot,3
veget,3
whenevr,3
neighbour,3
proof,3
chill,3
understood,3
chillin,3
reboot,3
super,3
bell,3
boat,3
bloo,3
chain,3
suffer,3
suntec,3
messeng,3
tour,3
birth,3
okthenwhat,3
bottom,3
count,3
mess,3
gay,3
kano,3
fantast,3
thur,3
onward,3
bigger,3
island,3
tight,3
mmmm,3
walmart,3
kkim,3
footprint,3
rofl,3
anti,3
crab,3
delay,3
hm,3
hun,3
disconnect,3
execut,3
choic,3
histori,3
event,3
ear,3
sorydarealyfrm,3
blood,3
flow,3
hide,3
favourit,3
seven,3
nurungu,3
floor,3
prabhaim,3
vettam,3
market,3
sleepingand,3
xuhui,3
sori,3
offici,3
supervisor,3
excit,3
que,3
gona,3
fear,3
afraid,3
swim,3
utter,3
birla,3
occupi,3
behav,3
spoil,3
wa,3
period,3
calcul,3
shut,3
callsmessagesmiss,3
verifi,3
yummi,3
ptbo,3
recognis,3
sentenc,3
anythin,3
minnaminungint,3
fightng,3
dificult,3
fish,3
apologis,3
villag,3
alcohol,3
fee,3
slap,3
thanksgiv,3
latest,3
caught,3
pongal,3
tast,3
po,3
gautham,3
american,3
atm,3
wet,3
instal,3
browni,3
repair,3
own,3
slice,3
jealous,3
flash,3
buzi,3
str,3
teacher,3
tomarrow,3
avent,3
loos,3
wks,3
milk,3
ranjith,3
slipper,3
bat,3
bloke,3
callin,3
elsewher,3
snake,3
headach,3
mall,3
child,3
maneesha,3
satisfi,3
toll,3
bstfrnd,3
swtheart,3
lifpartnr,3
cutefrnd,3
jstfrnd,3
shock,3
radio,3
todaysundaysunday,3
holidayso,3
lvblefrnd,3
ummmmmaah,3
tirupur,3
clos,3
dayu,3
garag,3
scari,3
loud,3
soft,3
inning,3
fair,3
yesh,3
hol,3
rate,3
blah,3
earn,3
cricket,3
ja,3
aathilov,3
oic,3
railway,3
wise,3
vava,3
oreo,3
digniti,3
ful,3
lturlgt,3
ws,3
aathiwher,3
lido,3
doggi,3
nitro,3
iouri,3
fave,3
pour,3
lacsthat,3
bmw,3
arng,3
lacsther,3
deari,3
urgentlyit,3
urgentbut,3
gentleman,3
shortag,3
tree,3
dresser,3
chechi,3
perform,3
lone,3
stalk,2
jane,2
slide,2
habit,2
smart,2
lag,2
emerg,2
up,2
doinghow,2
tmrw,2
calm,2
sathya,2
cha,2
applebe,2
complain,2
patti,2
goodnoon,2
schedul,2
aka,2
sem,2
canada,2
prof,2
kothi,2
woken,2
mandan,2
greatbhaji,2
necessarili,2
soul,2
prescript,2
alaipayuth,2
album,2
dough,2
accid,2
traffic,2
slip,2
buyer,2
specialis,2
lo,2
anot,2
control,2
tahan,2
gotten,2
unknown,2
sweeti,2
approv,2
drinkin,2
delhi,2
entertain,2
ami,2
kappa,2
stick,2
inde,2
main,2
elect,2
jame,2
drpd,2
maangalyam,2
ned,2
deeraj,2
deepak,2
headin,2
kkwhi,2
sachin,2
nydc,2
wud,2
wahe,2
birthdat,2
jenni,2
knee,2
expos,2
tool,2
nichol,2
unhappi,2
gf,2
eek,2
rob,2
deposit,2
ground,2
uh,2
melt,2
mp,2
vday,2
sudden,2
improv,2
therer,2
prabha,2
mini,2
scold,2
snowman,2
truffl,2
fujitsu,2
electr,2
underwear,2
laundri,2
tag,2
grave,2
liter,2
thread,2
actor,2
profil,2
ball,2
honest,2
taxi,2
worldveri,2
sian,2
jerri,2
remembr,2
tomoc,2
access,2
joanna,2
jolt,2
messi,2
moro,2
telli,2
chees,2
resend,2
jokin,2
cam,2
upset,2
garbag,2
ola,2
daili,2
heater,2
mis,2
eta,2
field,2
karaok,2
kegger,2
unemploy,2
gving,2
rael,2
waht,2
konw,2
unfortun,2
audrey,2
status,2
sarcasm,2
epsilon,2
mesag,2
format,2
stretch,2
lst,2
nit,2
exmpel,2
jsut,2
bone,2
ayn,2
sux,2
jia,2
financ,2
degre,2
sleepsweet,2
mitsak,2
recharg,2
evrey,2
wihtuot,2
ra,2
slight,2
sitll,2
wrnog,2
splle,2
aliv,2
convert,2
video,2
determin,2
loxahatche,2
kaiez,2
coast,2
grace,2
coat,2
entir,2
exet,2
restaur,2
revis,2
silenc,2
silver,2
aid,2
pale,2
administr,2
disclos,2
function,2
dawhat,2
massiv,2
musthu,2
agre,2
sinco,2
paye,2
icicibankcom,2
bewar,2
fineabsolut,2
desper,2
ke,2
academ,2
lyf,2
lyfu,2
fraud,2
ovul,2
mokka,2
rhythm,2
l,2
previous,2
tooo,2
sooooo,2
flaki,2
steal,2
batch,2
paperwork,2
tomeandsaidthi,2
itwhichturnedinto,2
dippeditinadew,2
evri,2
kthen,2
propos,2
dine,2
blur,2
lush,2
nte,2
wate,2
violat,2
flight,2
poker,2
teeth,2
royal,2
buse,2
beneath,2
bristol,2
dahow,2
brought,2
whn,2
most,2
women,2
bagi,2
switch,2
edward,2
flame,2
forgiv,2
attract,2
concert,2
boyfriend,2
sunlight,2
gudnitetcpractic,2
rumour,2
noi,2
wifi,2
misbehav,2
stranger,2
iron,2
sentdat,2
sendernam,2
messagesom,2
wld,2
shelf,2
skip,2
driver,2
smeon,2
front,2
juan,2
dime,2
tlk,2
ideal,2
carolin,2
path,2
greatest,2
tc,2
bear,2
defeat,2
shot,2
tirunelvali,2
heartgn,2
whatsup,2
shjas,2
cooki,2
length,2
distract,2
mental,2
innoc,2
madam,2
sam,2
wrk,2
babysit,2
muchi,2
toshiba,2
ee,2
bc,2
member,2
conform,2
depart,2
elabor,2
contract,2
puttin,2
dock,2
goodo,2
superior,2
marrow,2
hon,2
owe,2
spile,2
necessari,2
aris,2
noun,2
amongst,2
shake,2
secretari,2
deus,2
tap,2
broad,2
starv,2
canal,2
engin,2
pap,2
bang,2
tiwari,2
east,2
howard,2
fab,2
dr,2
easili,2
terrif,2
info,2
drunken,2
strang,2
msn,2
furnitur,2
sri,2
pongaldo,2
ia,2
mb,2
desir,2
elain,2
pouch,2
donno,2
swt,2
particular,2
politician,2
block,2
pend,2
lane,2
mmmmmm,2
upto,2
goodenviron,2
forgotten,2
tortilla,2
belong,2
program,2
fml,2
risk,2
sac,2
mmmmm,2
jiayin,2
revers,2
telephon,2
mathemat,2
statement,2
waxsto,2
yunni,2
involv,2
minimum,2
datoday,2
indyarockscom,2
northampton,2
abj,2
landlin,2
paint,2
geva,2
helloooo,2
sex,2
ganesh,2
swatch,2
jacket,2
groovi,2
blow,2
twenti,2
eveb,2
freedom,2
sack,2
mention,2
ela,2
itleav,2
itu,2
proverb,2
japanes,2
human,2
wuld,2
agalla,2
brief,2
independ,2
kkwhere,2
raj,2
usc,2
odi,2
sport,2
wave,2
click,2
admin,2
vth,2
chest,2
andro,2
foot,2
peni,2
bruce,2
sake,2
shi,2
fal,2
doubt,2
yellow,2
anna,2
neither,2
postcard,2
locat,2
reg,2
steam,2
bread,2
mahal,2
west,2
snog,2
evr,2
sleepi,2
truli,2
petrol,2
theme,2
redr,2
bloodblood,2
heartheart,2
ding,2
nagar,2
four,2
curious,2
nicenicehow,2
wrench,2
cough,2
properti,2
lil,2
creep,2
accomod,2
divis,2
otsid,2
gudk,2
various,2
ben,2
lower,2
eighth,2
thgt,2
sucker,2
diwali,2
av,2
everyday,2
mag,2
crore,2
director,2
swiss,2
reward,2
prepaid,2
kr,2
creativ,2
sacrific,2
mcat,2
pool,2
ericsson,2
bruv,2
shitload,2
cld,2
xam,2
ahsen,2
os,2
ryan,2
vagu,2
clever,2
rub,2
co,2
stayin,2
keralacircl,2
attempt,2
sarcast,2
cousin,2
despit,2
affection,2
swoop,2
langport,2
senthil,2
specif,2
tok,2
vega,2
wale,2
lou,2
smash,2
london,2
vewi,2
wishin,2
hamster,2
refil,2
inr,2
callcoz,2
terrorist,2
neck,2
protect,2
yesher,2
upstair,2
review,2
funer,2
intent,2
brah,2
shine,2
mel,2
although,2
section,2
ethreat,2
sib,2
sensit,2
passwordsatmsm,2
memori,2
yeh,2
commerci,2
pc,2
apolog,2
cross,2
itz,2
goodfriend,2
confirmd,2
motorola,2
tming,2
cnn,2
ibn,2
mca,2
hppnss,2
sorrow,2
sleepwellamptak,2
tee,2
color,2
giv,2
bck,2
hallaq,2
atlast,2
nb,2
parco,2
conduct,2
handsom,2
continu,2
scienc,2
happili,2
wwwfullonsmscom,2
sari,2
mega,2
bluff,2
paragon,2
msgsd,2
evrydi,2
gthr,2
thi,2
wiskey,2
instant,2
girld,2
truck,2
dt,2
aproach,2
threw,2
lttrs,2
lv,2
gn,2
brandi,2
propsd,2
dumb,2
staff,2
priscilla,2
christ,2
kay,2
kent,2
plaza,2
vale,2
everywher,2
princ,2
rum,2
kg,2
mouth,2
vaazhthukk,2
dhina,2
kudiyarasu,2
shampain,2
scotch,2
gin,2
gv,2
tom,2
holi,2
complaint,2
anni,2
huge,2
bedrm,2
decim,2
all,2
lov,2
lk,2
loung,2
kavalan,2
hrishi,2
outag,2
footbal,2
slot,2
beliv,2
approach,2
xin,2
lib,2
billion,2
shahjahan,2
nothin,2
belov,2
dan,2
base,2
placement,2
unnecessarili,2
stare,2
lion,2
devour,2
airtel,2
aww,2
formclark,2
poem,2
ham,2
jaya,2
jo,2
wo,2
nahi,2
itlet,2
regular,2
thatll,2
desert,2
partnership,2
hunni,2
gm,2
helen,2
cherish,2
fit,2
fan,2
sarasota,2
land,2
cock,2
anniversari,2
imag,2
pattern,2
scratch,2
plm,2
cali,2
recoveri,2
sheffield,2
nanni,2
morow,2
million,2
cme,2
blanket,2
thx,2
abil,2
edison,2
quiet,2
faggi,2
demand,2
chocol,2
reassur,2
eva,2
geeeee,2
brand,2
simpler,2
necklac,2
andr,2
race,2
rice,2
crap,2
daysh,2
dearslp,2
potenti,2
perhap,2
reckon,2
pan,2
ubi,2
tech,2
dreamsmuah,2
fo,2
careswt,2
welltak,2
viva,2
woot,2
applic,2
thesi,2
fret,2
cliff,2
scroung,2
signific,2
anthoni,2
hyde,2
durban,2
toopray,2
center,2
error,2
difficulti,2
shoppin,2
sar,2
tank,2
danger,2
neighbor,2
miser,2
toot,2
sorryin,2
trade,2
q,2
annoy,2
woulda,2
tomorro,2
goto,2
nuther,2
unconsci,2
taco,2
pickl,2
mountain,2
femal,2
ebay,2
urgent,2
dentist,2
adult,2
gossip,2
oi,2
unintent,2
forgiven,2
nos,2
inconveni,2
transport,2
competit,2
heri,2
craziest,2
herlov,2
infect,2
curri,2
lotwil,2
lodg,2
jen,2
repeat,2
ultimatum,2
shu,2
nic,2
imp,2
bec,2
en,2
costum,2
borrow,2
galileo,2
dobbi,2
river,2
oktak,2
lovem,2
impati,2
sip,2
cappuccino,2
dealer,2
wesley,2
panic,2
amus,2
mojibiola,2
buffet,2
kz,2
jolli,2
thot,2
fond,2
yell,2
vibrat,2
ba,2
halfth,2
dorm,2
saidif,2
aeroplan,2
calld,2
professor,2
aeronaut,2
gist,2
dehydr,2
grandma,2
punish,2
mt,2
gpu,2
poop,2
purchas,2
farm,2
engag,2
cochin,2
hunt,2
weasel,2
hex,2
given,2
countin,2
oooh,2
aburo,2
gibb,2
unbeliev,2
ie,2
sever,2
smell,2
reduc,2
occur,2
tsunami,2
worst,2
charl,2
gastroenter,2
discount,2
upload,2
chip,2
scotland,2
yck,2
ashley,2
blog,2
dick,2
jean,2
ey,2
stuf,2
bleh,2
usb,2
permiss,2
oil,2
restock,2
inconsider,2
nag,2
recess,2
henc,2
soo,2
taken,2
kkwhen,2
wee,2
nowi,2
shoe,2
login,2
hundr,2
biola,2
sweetheart,2
sn,2
spoon,2
genius,2
lotta,2
favorit,2
concern,2
castor,2
reaction,2
makin,2
salon,2
weirdest,2
invest,2
jd,2
neft,2
creepi,2
havin,2
minor,2
dokey,2
hor,2
tension,2
cope,2
languag,2
submit,2
sleepin,2
finewhen,2
beneficiari,2
broken,2
flip,2
niswt,2
purs,2
infront,2
backward,1
inst,1
atroci,1
princegn,1
wotz,1
reslov,1
boyi,1
junna,1
overh,1
divert,1
board,1
wadebridgei,1
vill,1
orc,1
seek,1
galcan,1
vikkyim,1
champlaxig,1
watt,1
laxinorf,1
western,1
nowaday,1
heaven,1
notixiqu,1
galno,1
wewa,1
abstract,1
bambl,1
fidalf,1
entrop,1
oblising,1
dayexcept,1
opt,1
itnow,1
masteriast,1
amplikat,1
numberrespect,1
rdi,1
indianpl,1
xxxxxxxxxxxxxx,1
adress,1
theplac,1
beendrop,1
charm,1
dajst,1
mumha,1
treacl,1
treatin,1
arnt,1
moneeppolum,1
qatarrakhesh,1
pole,1
reappli,1
allalo,1
fundament,1
housework,1
vpist,1
gene,1
pixel,1
misundrstud,1
moneyi,1
surrend,1
oyster,1
sashimi,1
wherr,1
comp,1
resolut,1
level,1
replyb,1
frankgood,1
shopw,1
alaikkumprid,1
logoff,1
parkin,1
sirsalam,1
topic,1
marandratha,1
cuppa,1
iriv,1
bw,1
asa,1
rumbl,1
symptom,1
gate,1
mypar,1
katexxx,1
quiteamuz,1
vehicl,1
sariyag,1
madok,1
barolla,1
fixd,1
soz,1
thatscool,1
imat,1
postpon,1
stuffwhi,1
brainless,1
tiim,1
grownup,1
afternon,1
resiz,1
oppos,1
pride,1
somerset,1
overtim,1
nigpun,1
dolld,1
ing,1
chex,1
upcharg,1
embassi,1
checkbox,1
hardcor,1
out,1
hundredh,1
batsman,1
yetti,1
guai,1
approx,1
stink,1
bthmm,1
jerk,1
chop,1
chapter,1
sudn,1
yifeng,1
theyll,1
slurp,1
vilikkamt,1
njan,1
dismissi,1
screwd,1
pisc,1
sterm,1
youwanna,1
jack,1
sayask,1
pretend,1
hypotheticalhuagauahahuagahyuhagga,1
braini,1
resolv,1
occas,1
reflect,1
affectionsamp,1
youphon,1
tradit,1
cantdo,1
wicket,1
anythingtomorrow,1
steyn,1
hmmmbut,1
aretak,1
aquarius,1
outfor,1
athom,1
jam,1
bull,1
peril,1
float,1
heehe,1
arithmet,1
percentag,1
steed,1
chillaxin,1
das,1
iknow,1
wellda,1
studentfinanci,1
uhhhhrmm,1
crisisspk,1
monster,1
arabian,1
avin,1
africa,1
wheat,1
hannaford,1
msgsometext,1
obey,1
foward,1
cupboard,1
kwish,1
latebut,1
interfu,1
hustl,1
wound,1
salt,1
thanku,1
forth,1
actin,1
harlem,1
workout,1
zac,1
whisper,1
bluray,1
karnan,1
hui,1
facil,1
velusami,1
failur,1
versus,1
edg,1
underdtand,1
itboth,1
spoilt,1
outdoor,1
basketbal,1
cps,1
besid,1
adi,1
salmon,1
entey,1
nattil,1
kittum,1
fuuuuck,1
hire,1
hitman,1
itxx,1
morro,1
implic,1
conserv,1
jordan,1
epi,1
bhaskar,1
geoenvironment,1
individu,1
gong,1
kaypoh,1
mornin,1
bawl,1
upnot,1
alot,1
lanka,1
wordnot,1
mere,1
relationshipit,1
wherevr,1
warner,1
gudnyt,1
plum,1
smack,1
benni,1
diaper,1
franki,1
lancast,1
neway,1
soc,1
bsn,1
grocer,1
healthi,1
advis,1
lobbi,1
gosri,1
unlik,1
muchxxlov,1
sky,1
renew,1
locaxx,1
vibrant,1
tranquil,1
stabil,1
skateboard,1
familymay,1
thrown,1
bandag,1
fallen,1
waiti,1
wenev,1
hectic,1
apologet,1
dawher,1
turkey,1
virtual,1
patient,1
apnt,1
pant,1
wrkin,1
awkward,1
nalla,1
spous,1
treadmil,1
faint,1
dull,1
finishd,1
vidnot,1
amrita,1
bpo,1
nighter,1
persev,1
pmt,1
amx,1
sumthin,1
shldxxxx,1
temal,1
thatd,1
scenario,1
spunout,1
wrld,1
tke,1
assess,1
burgundi,1
craigslist,1
duvet,1
capit,1
lamp,1
noooooooo,1
beverag,1
doingwhat,1
optic,1
hellohow,1
digit,1
sur,1
asapok,1
sept,1
js,1
teethif,1
swan,1
drmstake,1
absolut,1
url,1
doom,1
peteynoim,1
timehop,1
alritehav,1
qbank,1
broadband,1
werear,1
overdid,1
contribut,1
tellmiss,1
steve,1
hiwhat,1
brisk,1
deliveri,1
hari,1
okcom,1
webadr,1
gete,1
urgh,1
passport,1
multipli,1
musta,1
twin,1
equal,1
unev,1
splash,1
peski,1
cyclist,1
snuggl,1
mmmmmmm,1
tens,1
liaotoo,1
survey,1
sprint,1
uworld,1
remet,1
spinout,1
boatin,1
gower,1
alreadysabarish,1
juswok,1
port,1
coach,1
inperson,1
flea,1
nightsw,1
nys,1
taj,1
symbol,1
lesser,1
known,1
chuck,1
therexx,1
split,1
supos,1
loti,1
btwn,1
tip,1
decad,1
onlydon,1
sherawat,1
hogolo,1
tamilnaduthen,1
gold,1
kodstini,1
madstini,1
apo,1
ofcours,1
hog,1
mutai,1
eerulli,1
kodthini,1
bong,1
mallika,1
thasa,1
cave,1
keypad,1
mns,1
tex,1
abbey,1
walkabout,1
announc,1
footi,1
young,1
islov,1
lorw,1
phil,1
nevill,1
endless,1
auctionpunj,1
punch,1
boundari,1
tvhe,1
pre,1
anythi,1
lifethi,1
twat,1
dungere,1
identif,1
deck,1
upyeh,1
rhode,1
priest,1
cr,1
dhoni,1
hmmmm,1
negat,1
appeal,1
treasur,1
thriller,1
spice,1
eleph,1
um,1
pooki,1
plumber,1
gyno,1
prasanth,1
youdearwith,1
loverakhesh,1
nri,1
uniqu,1
deserv,1
diddi,1
reveal,1
smarter,1
leu,1
mecaus,1
gover,1
werebor,1
okden,1
uin,1
satsound,1
max,1
likeyour,1
grfun,1
countinlot,1
xxxxx,1
motor,1
titleso,1
yeovil,1
li,1
hdd,1
mysteri,1
describ,1
asus,1
holbi,1
reformat,1
command,1
intrud,1
maraikara,1
firsg,1
slaaaaav,1
lennon,1
dental,1
shoreth,1
accent,1
unit,1
sehwag,1
fox,1
frndsship,1
dwn,1
summon,1
portal,1
pshewmiss,1
appendix,1
slob,1
gudnit,1
topicsorri,1
webpag,1
shud,1
yeesh,1
gopalettan,1
dontgettext,1
nmde,1
kane,1
soni,1
sankranti,1
republ,1
shivratri,1
ugadi,1
piti,1
friendshipmotherfatherteacherschildren,1
festiv,1
dasara,1
salesman,1
rememberi,1
tallent,1
theseyour,1
heap,1
lifei,1
daywith,1
somewheresomeon,1
tosend,1
selfless,1
dump,1
initi,1
particip,1
firmwar,1
enketa,1
declar,1
chief,1
compliment,1
tantrum,1
homelov,1
staffsciencenusedusgphyhcmkteachingpc,1
disappoint,1
emigr,1
olol,1
stagwood,1
winterston,1
pretsovru,1
chic,1
victor,1
colani,1
jp,1
saibaba,1
mofo,1
liaoso,1
referin,1
pathaya,1
alwa,1
nammanna,1
kkfrom,1
jumper,1
ay,1
influx,1
spiritu,1
isaiahd,1
cribb,1
belt,1
expert,1
hat,1
ssi,1
thinl,1
pretsorginta,1
childporn,1
sachinjust,1
yesgauti,1
wnevr,1
desk,1
mous,1
yen,1
madodu,1
nav,1
toothpast,1
boob,1
oneta,1
abouta,1
forgt,1
justifi,1
thou,1
showr,1
itll,1
gonnamissu,1
dread,1
butther,1
meremov,1
merememberin,1
endow,1
squeez,1
asther,1
ofsi,1
breakin,1
yaxx,1
roller,1
poortiyagi,1
odalebeku,1
resort,1
ajith,1
swann,1
hanuman,1
chennaii,1
sunoco,1
seperatedud,1
someonethat,1
plate,1
leftov,1
robinson,1
bffs,1
fatti,1
badrith,1
usno,1
nottel,1
asda,1
checkin,1
numberso,1
yovill,1
ceil,1
ittb,1
armenia,1
upon,1
ooooooh,1
hanumanji,1
spacebuck,1
poke,1
opp,1
astrolog,1
siguviri,1
idu,1
matra,1
neglet,1
sumf,1
virgin,1
voucher,1
ijust,1
tts,1
nalli,1
gei,1
laid,1
tron,1
dl,1
selfish,1
heat,1
mph,1
spif,1
workag,1
slack,1
problum,1
bajarangabali,1
janarig,1
maruti,1
sane,1
pavanaputra,1
sankatmochan,1
percent,1
ramaduth,1
mahav,1
mentor,1
oxygen,1
ivatt,1
hiphop,1
formsdon,1
kalisidar,1
olag,1
ondu,1
keluviri,1
officestil,1
maretar,1
ind,1
dodda,1
brolli,1
bhayandar,1
presnt,1
dusk,1
getanth,1
prakasamanu,1
shrub,1
foreg,1
knowthi,1
contain,1
tirunelvai,1
worc,1
youdo,1
puzzl,1
sneham,1
fne,1
stair,1
tix,1
phew,1
thangamit,1
attent,1
neekunna,1
irulina,1
recycl,1
windi,1
divorc,1
peripher,1
mus,1
chick,1
deam,1
ettan,1
ennal,1
appi,1
prakasam,1
condit,1
coccoon,1
stubborn,1
fizz,1
shopth,1
guidanc,1
yeahand,1
newquaysend,1
navig,1
hu,1
goneu,1
talkin,1
boutxx,1
pendent,1
toledo,1
pubcaf,1
tai,1
victoria,1
goodwhen,1
morrowxxxx,1
wocay,1
lasagna,1
woould,1
citi,1
pocay,1
drove,1
shore,1
singapor,1
feng,1
bcz,1
feed,1
mls,1
syrup,1
prometazin,1
onedg,1
welli,1
raviyog,1
franxx,1
kkit,1
lighter,1
disast,1
aroundn,1
flew,1
sivatat,1
jeevithathil,1
swimsuit,1
immunis,1
ksri,1
genus,1
fowler,1
squeeeeez,1
hep,1
frndshp,1
luvd,1
themp,1
volcano,1
erupt,1
ramen,1
broth,1
hurrican,1
sway,1
eryth,1
cooper,1
lubli,1
dapleas,1
evict,1
spiral,1
michael,1
riddanc,1
raglan,1
solihul,1
closebi,1
fold,1
ritten,1
skye,1
tuth,1
wrote,1
taka,1
tallahasse,1
gut,1
thousand,1
beat,1
bookedth,1
devic,1
hut,1
nhs,1
mw,1
garment,1
local,1
ifwhenhow,1
dayha,1
valuemorn,1
hopeafternoon,1
faitheven,1
luvnight,1
restwish,1
todaygood,1
jetton,1
burger,1
messagepandi,1
friendofafriend,1
bornpleas,1
mistakeu,1
lunsford,1
kfc,1
gravi,1
dahe,1
daalway,1
thisdon,1
drastic,1
darlinim,1
spin,1
joker,1
breather,1
stressful,1
weekday,1
feelin,1
nail,1
cruis,1
gek,1
asia,1
dip,1
behalf,1
fumbl,1
decent,1
cruel,1
leastwhich,1
terror,1
stil,1
swashbuckl,1
tobe,1
pimpl,1
asthma,1
happiest,1
crisi,1
sez,1
abdomen,1
arab,1
chastiti,1
stun,1
gyna,1
eshxxxxxxxxxxx,1
bimbo,1
ugo,1
detroit,1
porteg,1
semiobscur,1
canteen,1
loosu,1
careless,1
antibiot,1
myspac,1
partner,1
method,1
whenwher,1
soonxxx,1
jewelri,1
misstak,1
daylov,1
orh,1
lineyou,1
prin,1
invent,1
ashwini,1
tomorrowtoday,1
jokethet,1
deer,1
thandiyachu,1
erutupalam,1
skinni,1
effici,1
evey,1
cast,1
hockey,1
frontiervill,1
hlday,1
camp,1
amrca,1
serena,1
smsing,1
chapel,1
mnth,1
answerin,1
terminatedw,1
await,1
ortxt,1
nbme,1
fart,1
gam,1
religi,1
flyim,1
secur,1
careinsha,1
membershiptak,1
muhommad,1
absenc,1
penni,1
varma,1
hubbi,1
fite,1
hwkeep,1
mj,1
unconvinc,1
willpow,1
maili,1
prescrib,1
court,1
kkcongratul,1
youso,1
perspect,1
babesozi,1
splat,1
sonot,1
toaday,1
hooch,1
debat,1
jb,1
nonetheless,1
gucci,1
startedindia,1
florida,1
woah,1
hidden,1
parentnot,1
itsnot,1
grant,1
swhrt,1
visa,1
deyhop,1
graze,1
hont,1
kip,1
culdnt,1
meatbal,1
england,1
panalambut,1
wenwecan,1
ovulatewhen,1
fortun,1
allday,1
tortur,1
wannatel,1
talkbut,1
yah,1
perf,1
hearin,1
receiptswel,1
familiar,1
infact,1
cornwal,1
confirmdeni,1
shite,1
attack,1
haiyoh,1
sbut,1
lonlin,1
grasp,1
uothrwis,1
uso,1
ujhhhhhhh,1
sandiago,1
parantella,1
sweater,1
mango,1
uk,1
consent,1
quarter,1
form,1
mathew,1
tait,1
anderson,1
haunt,1
promot,1
crowd,1
snowboard,1
goa,1
flavour,1
prayr,1
baaaaaaaab,1
limp,1
capac,1
toler,1
hellogorg,1
lareadi,1
smaller,1
brb,1
nitw,1
oga,1
aa,1
texd,1
nervous,1
hopeu,1
ward,1
cin,1
jaz,1
exorc,1
emili,1
emot,1
patent,1
wordsevri,1
christmassi,1
swayz,1
couch,1
miwa,1
extract,1
godyou,1
skint,1
bevieswaz,1
othr,1
rout,1
watchng,1
hsbc,1
planet,1
earthsofa,1
overemphasiseor,1
comfey,1
leasttim,1
wudnt,1
mina,1
complac,1
instruct,1
gailxx,1
hii,1
ima,1
intern,1
sensesrespect,1
shola,1
dial,1
patrick,1
doll,1
sagamu,1
lautech,1
vital,1
heavili,1
zealand,1
qet,1
opposit,1
browser,1
mro,1
mths,1
wellyou,1
lifeyou,1
thati,1
mth,1
convers,1
lotz,1
usget,1
timeyour,1
eventu,1
bot,1
waheeda,1
gland,1
weapon,1
awww,1
useless,1
assist,1
loo,1
bomb,1
archiv,1
dogwood,1
swollen,1
gre,1
magazin,1
texa,1
bcaz,1
stu,1
trubl,1
evon,1
carolina,1
north,1
view,1
dual,1
billi,1
lovli,1
hidid,1
brison,1
prsn,1
somtim,1
loooooool,1
hitechn,1
bcozi,1
lit,1
audiit,1
reloc,1
pock,1
cap,1
parish,1
among,1
clas,1
bullshit,1
gwr,1
motherfuck,1
woodland,1
avenu,1
playi,1
supportprovid,1
hostil,1
toolet,1
haircut,1
manki,1
persian,1
problm,1
litr,1
watrdayno,1
diseas,1
dom,1
snd,1
chess,1
lavend,1
scous,1
breezi,1
stevelik,1
checkmat,1
homewot,1
built,1
inmind,1
recreat,1
admiss,1
defer,1
judgementali,1
phrase,1
shah,1
maat,1
rat,1
iti,1
appledayno,1
tulsi,1
leafdayno,1
mapquest,1
wifedont,1
lemondayno,1
increas,1
sthis,1
amor,1
inshah,1
upsetit,1
watev,1
oblivi,1
julianaland,1
milkdayno,1
photoshop,1
pee,1
ffffuuuuuuu,1
harder,1
burden,1
sporad,1
onionr,1
flood,1
bead,1
motherinlaw,1
wishlist,1
recount,1
comfort,1
starer,1
luxuri,1
sold,1
petrolr,1
salad,1
astronom,1
dormitori,1
beerr,1
rearrang,1
fakemi,1
reffer,1
uif,1
geti,1
rsi,1
whore,1
hitler,1
restrict,1
misfit,1
lorgoin,1
ouch,1
glo,1
yesmum,1
wlcome,1
virgil,1
timi,1
fishrman,1
ffffffffff,1
strtd,1
linear,1
dysentri,1
throwin,1
algebra,1
vijaykanth,1
worm,1
eleven,1
physic,1
arpraveesh,1
delici,1
weirdi,1
fuckinniceselfish,1
coco,1
keng,1
spot,1
bunch,1
disagre,1
parad,1
lotto,1
auction,1
tmw,1
authoris,1
warwick,1
looovvv,1
yuou,1
ranju,1
honeydid,1
lage,1
gimmi,1
gossx,1
painit,1
todaydo,1
dhort,1
rajitha,1
afterward,1
phonebook,1
godnot,1
greec,1
ourback,1
chikkuk,1
clearer,1
vivek,1
peach,1
therel,1
outif,1
grumbl,1
chennaibecaus,1
thnovbehind,1
expiredso,1
gotmarri,1
thatmum,1
shindig,1
alett,1
someday,1
shitjustfound,1
uawakefeellikw,1
goodmorningmi,1
grandfath,1
uup,1
gokila,1
shanilrakhesh,1
tocallshal,1
lateso,1
ileav,1
graduat,1
morningtak,1
dreamsu,1
meummifyingby,1
associ,1
rip,1
uterus,1
enufcredeit,1
ibor,1
jacuzzi,1
splwat,1
givit,1
whr,1
aldrin,1
mahfuuzmean,1
mufti,1
kanoanyway,1
rakhesh,1
okor,1
zero,1
gloucesterroad,1
ohi,1
nottingham,1
joinedso,1
specifi,1
domain,1
sday,1
frequent,1
adjust,1
nusstu,1
perfum,1
hahatak,1
hoop,1
bari,1
hudgi,1
yorg,1
pataistha,1
goigng,1
ertini,1
hasbroin,1
august,1
jump,1
rtm,1
herepl,1
callurg,1
trouser,1
fassyol,1
haughaighgtujhyguj,1
ahhh,1
hassl,1
kote,1
kkthis,1
prem,1
dino,1
stitch,1
cheeto,1
neces,1
sync,1
stuffleav,1
shangela,1
uncut,1
decor,1
exchang,1
againlov,1
herethanksi,1
poo,1
barrel,1
blacko,1
scrape,1
londn,1
witout,1
albi,1
hwd,1
watll,1
wth,1
espel,1
muht,1
roomat,1
beeen,1
tohar,1
wrd,1
dearlov,1
wthout,1
aslamalaikkuminsha,1
sticki,1
takecar,1
univ,1
raja,1
burrito,1
mumbai,1
opponent,1
mtnl,1
contin,1
nacho,1
channel,1
thinkthi,1
barm,1
paul,1
dizzamn,1
jade,1
suitem,1
nimbomson,1
fiendmak,1
newport,1
muchimped,1
ow,1
deyi,1
thousadi,1
sumthinxx,1
nose,1
essay,1
tram,1
nevr,1
juliana,1
nationwid,1
nightnight,1
dodgey,1
groov,1
toke,1
mise,1
lanr,1
fakey,1
eckankar,1
ph,1
ger,1
okday,1
dvg,1
unrecogn,1
coulda,1
undrstnd,1
funki,1
faceasssssholeee,1
ceri,1
rebel,1
somon,1
dreamz,1
buddi,1
vic,1
coher,1
gran,1
heltiniiyo,1
carlin,1
dado,1
vinobanagar,1
ciao,1
viveki,1
timeyou,1
wknd,1
yalrigu,1
conditionand,1
meso,1
lyric,1
meok,1
chikkub,1
noic,1
esaplanad,1
thoso,1
uphad,1
enna,1
kalaachutaarama,1
ahhhhjust,1
coldheard,1
pint,1
flatter,1
kaila,1
collaps,1
onlyfound,1
afew,1
hos,1
agocusoon,1
honi,1
kim,1
southern,1
fulfil,1
rayan,1
macleran,1
noit,1
olav,1
mandara,1
trishul,1
woo,1
hoo,1
panti,1
thout,1
hmph,1
baller,1
ystrdayic,1
yaxxx,1
hisher,1
smiley,1
khelat,1
gail,1
wrongtak,1
stage,1
worryc,1
ltr,1
hunlov,1
perumbavoor,1
pure,1
theoret,1
lehhaha,1
formallypl,1
dudett,1
prayingwil,1
multimedia,1
senthilhsbc,1
ash,1
agenc,1
clarifi,1
pink,1
borderlin,1
truekdo,1
onword,1
chile,1
club,1
sublet,1
febapril,1
ammaelif,1
steer,1
kintu,1
rounderso,1
lambu,1
prepon,1
ji,1
skyve,1
cometil,1
batchlor,1
loneli,1
hmmmstill,1
liver,1
younger,1
zoom,1
nicki,1
adsens,1
gumbi,1
rahul,1
olayiwola,1
gota,1
nigh,1
camri,1
nooooooo,1
cabl,1
sos,1
playin,1
guoyang,1
dengra,1
tarpon,1
antelop,1
toyota,1
ayo,1
bbdthts,1
toplay,1
fieldof,1
punto,1
selfindepend,1
growrandom,1
syd,1
mileag,1
kit,1
offens,1
cab,1
availablethey,1
vldo,1
shijutta,1
careumma,1
deartak,1
radiat,1
nois,1
tongu,1
puppi,1
galsu,1
qi,1
rencontr,1
achanammarakheshqatar,1
idconvey,1
flurri,1
numberpl,1
clover,1
kafter,1
moraldont,1
registr,1
lm,1
gdnow,1
minus,1
paragraph,1
coveragd,1
vasai,1
retard,1
bathroom,1
icic,1
syria,1
heartsnot,1
gaug,1
mondaynxt,1
ax,1
nofew,1
txtjourney,1
surgic,1
unfold,1
korean,1
fredericksburg,1
pase,1
un,1
buen,1
tiempo,1
shoul,1
hillsborough,1
whileamp,1
watevr,1
listn,1
gray,1
fifti,1
transferacc,1
happenin,1
cocksuck,1
kkwhat,1
worthless,1
novelti,1
item,1
tshirt,1
lotsli,1
hank,1
exercis,1
janx,1
blimey,1
design,1
howdi,1
spirit,1
monkeyaround,1
shatter,1
monkeespeopl,1
wereth,1
girli,1
darker,1
compass,1
worldgnun,1
waysmscom,1
goal,1
busetop,1
tonght,1
plough,1
pile,1
chinki,1
wi,1
nz,1
fav,1
geelat,1
aust,1
bk,1
disastr,1
papa,1
stoner,1
loser,1
beta,1
hmmmkbut,1
kkani,1
noncomitt,1
sometimerakheshvisitor,1
allahmeet,1
snicker,1
fineinshah,1
wendi,1
tackl,1
baaaaab,1
availablei,1
misss,1
youuuuu,1
witot,1
melik,1
becz,1
undrstndng,1
urin,1
steamboat,1
attitud,1
tp,1
bbq,1
everyso,1
panick,1
outhav,1
rowdi,1
sentiment,1
siva,1
huai,1
appear,1
yesfrom,1
thirunelvali,1
evei,1
netno,1
destin,1
wheellock,1
optimist,1
semi,1
whenr,1
machiani,1
maaaan,1
guessin,1
ahwhat,1
ilol,1
wuldnt,1
lunchtim,1
organis,1
passabl,1
phd,1
prakesh,1
betta,1
product,1
differb,1
snatch,1
hellodrivbyquit,1
edrunk,1
iff,1
pthis,1
senrddnot,1
dancc,1
drum,1
mcr,1
jaykwon,1
nhite,1
thanxxx,1
balloon,1
passthey,1
ntswt,1
drms,1
melodi,1
reunion,1
ralph,1
hme,1
glori,1
fade,1
velacheri,1
flippin,1
cstore,1
hangin,1
alivebett,1
falconerf,1
quizz,1
popcorn,1
thuglyf,1
thin,1
faultal,1
faultf,1
himso,1
basqihav,1
ros,1
publish,1
individualtim,1
downstem,1
wahala,1
inperialmus,1
listeningth,1
byleafcutt,1
johnsound,1
insect,1
molestedsomeon,1
plumbingremix,1
evil,1
acid,1
didntgiv,1
bellearli,1
cheeri,1
practicum,1
consist,1
weirdo,1
heygreat,1
dealfarm,1
pax,1
jap,1
disappear,1
certif,1
feelingwav,1
heal,1
xxxxxxx,1
oral,1
reliev,1
westonzoyland,1
europ,1
bike,1
slipperi,1
goinb,1
onlymor,1
mc,1
nitetel,1
ava,1
goodtimeoli,1
melnit,1
ifink,1
sortedbut,1
everythin,1
monlrsx,1
shun,1
bian,1
glass,1
exhibit,1
el,1
nino,1
chikkugo,1
chord,1
beforew,1
computerless,1
nig,1
pest,1
extermin,1
psychiatrist,1
healer,1
stylist,1
aaniy,1
pudunga,1
venaam,1
chez,1
jule,1
hhahhaahahah,1
leonardo,1
joinedhop,1
strain,1
withdraw,1
anyhow,1
miller,1
spark,1
rawr,1
xoxo,1
somewhr,1
crush,1
honeymoon,1
outfit,1
psychologist,1
athlet,1
sympathet,1
organ,1
truro,1
ext,1
callingforgot,1
worryus,1
apeshit,1
packalso,1
sunroof,1
iphon,1
jeremiah,1
prestig,1
kalainar,1
officethenampet,1
nosi,1
huim,1
react,1
satan,1
impost,1
mene,1
priceso,1
itmay,1
destini,1
companion,1
chef,1
tadaaaaa,1
chequ,1
leo,1
wreck,1
spontan,1
goodeven,1
sif,1
spageddi,1
phase,1
fourth,1
dimens,1
yesbut,1
meaning,1
compromis,1
lmaonic,1
dub,1
je,1
toughest,1
guild,1
squat,1
gon,1
sonathaya,1
soladha,1
cd,1
rape,1
weightloss,1
mushi,1
six,1
laden,1
donew,1
jurong,1
haul,1
wildlif,1
wantcom,1
thatworzel,1
wizzl,1
shanghai,1
cya,1
thnx,1
sef,1
anji,1
employ,1
anim,1
privaci,1
shini,1
evapor,1
kgood,1
kkapo,1
french,1
comedyc,1
keen,1
dammit,1
wright,1
somewhat,1
establish,1
onam,1
cardin,1
rummer,1
prabu,1
rajini,1
spys,1
yalru,1
astn,1
innu,1
mundh,1
ali,1
halla,1
bilo,1
marriageprogram,1
edha,1
ovr,1
chikkuali,1
vargu,1
meow,1
meowd,1
becaus,1
taught,1
prone,1
rinu,1
dose,1
payasam,1
followin,1
earlierw,1
heron,1
headstart,1
tayseertissco,1
boyf,1
interviw,1
worriedx,1
spreadsheet,1
whose,1
newsbi,1
intrepid,1
duo,1
wahleykkumshar,1
salam,1
monthnot,1
award,1
lap,1
breez,1
kickbox,1
fresh,1
owl,1
twitter,1
wallet,1
yago,1
duck,1
chinchilla,1
incomm,1
waitshould,1
pierr,1
corect,1
sunshin,1
hict,1
employe,1
nike,1
sooo,1
dang,1
chikkudb,1
andrewsboy,1
earliest,1
nordstrom,1
tisscotays,1
aig,1
confer,1
tata,1
bleak,1
shant,1
allahrakhesh,1
nearer,1
raiden,1
insha,1
personmeet,1
sirjii,1
tote,1
spele,1
lovin,1
lotr,1
bestcongrat,1
lindsay,1
browsin,1
compulsori,1
investig,1
moneya,1
youmoney,1
thinghow,1
uniform,1
vitamin,1
z,1
crucial,1
hostbas,1
idp,1
linux,1
sayi,1
petei,1
leannewhat,1
refresh,1
disc,1
dawn,1
champ,1
glasgow,1
kall,1
nowcan,1
veggi,1
medont,1
bunker,1
bettersn,1
probthat,1
overdos,1
lovejen,1
ml,1
ana,1
sathi,1
rto,1
seventeen,1
corvett,1
tootsi,1
philosoph,1
arngd,1
hole,1
goodno,1
problembut,1
atleast,1
dismay,1
shakespear,1
grow,1
woul,1
curfew,1
gibe,1
getsleep,1
urfeel,1
babyhop,1
tigress,1
inner,1
soonlot,1
xxxx,1
starshin,1
burial,1
rough,1
rv,1
sonetim,1
roadsrvx,1
uncomfort,1
bham,1
triumph,1
comprehens,1
prashanthettan,1
brave,1
allo,1
samantha,1
guitar,1
brighten,1
doug,1
trauma,1
swear,1
officewhat,1
mattermsg,1
studdi,1
massag,1
himthen,1
grinul,1
prix,1
fudg,1
yi,1
zaher,1
srsli,1
nauseous,1
gotani,1
meiv,1
tendenc,1
jjc,1
exwif,1
sayin,1
avalarr,1
hollalat,1
frnt,1
todaybut,1
websitenow,1
magicalsongsblogspotcom,1
chikkuil,1
kvb,1
unfortunt,1
fridayhop,1
alternativehop,1
nitz,1
blastin,1
yoyyooo,1
tobacco,1
soonc,1
unsoldmik,1
hussey,1
cer,1
bestrpli,1
faglord,1
banter,1
nutter,1
cutter,1
ctter,1
cttergg,1
cttargg,1
ctargg,1
ctagg,1
thus,1
superb,1
grate,1
bridgwat,1
happier,1
agent,1
oceand,1
invoic,1
rajnik,1
illspeak,1
hunnyhop,1
cloud,1
fastpl,1
prayer,1
dearrakhesh,1
membership,1
spec,1
sth,1
attribut,1
shitstorm,1
hadnt,1
wahay,1
gaze,1
harri,1
trek,1
smsd,1
caveboy,1
soso,1
sorryi,1
fluid,1
prevent,1
ku,1
corpor,1
faith,1
possiblehop,1
worklov,1
px,1
opportunityal,1
christmasmerri,1
macha,1
stillmayb,1
sameso,1
itor,1
admiti,1
madthen,1
correctionor,1
lifeand,1
worldmay,1
runninglet,1
scrumptious,1
dao,1
flim,1
wondar,1
jide,1
sfine,1
againcal,1
uslet,1
steak,1
convincingjust,1
mindsetbeliev,1
neglect,1
upseti,1
itjust,1
beautifulmay,1
youcarlo,1
yourjob,1
ditto,1
woohoo,1
uncount,1
carlosl,1
teacoffe,1
petey,1
wherear,1
friendsar,1
thekingshead,1
canlov,1
kalstiyathen,1
bakra,1
dled,1
nang,1
smokin,1
boooo,1
ssnervous,1
sutra,1
yowif,1
kama,1
repent,1
wikipediacom,1
youi,1
enjoyin,1
lakh,1
wetherspoon,1
isar,1
dogbreath,1
entrepreneur,1
hungov,1
gua,1
faber,1
comingtmorow,1
accordinglyor,1
starti,1
dramat,1
bfore,1
cherthalain,1
drunkard,1
idc,1
dearm,1
tomorw,1
trash,1
imprtant,1
sdrybi,1
beerag,1
randomlli,1
scrappi,1
freaki,1
piggi,1
ywhere,1
walkin,1
congratul,1
comment,1
korch,1
abnorm,1
visitne,1
lul,1
nurs,1
obes,1
oyea,1
parchi,1
kicchu,1
kaaj,1
kort,1
iccha,1
tul,1
ore,1
dvd,1
sculptur,1
problemat,1
surya,1
pokkiri,1
sno,1
nojst,1
attractioni,1
mesh,1
thoughtsi,1
hersh,1
finalis,1
daysso,1
processnetwork,1
howr,1
zoe,1
shitin,1
defo,1
hardest,1
lekdog,1
oclock,1
temper,1
suffici,1
uncondit,1
famous,1
atten,1
button,1
bani,1
soire,1
data,1
analysi,1
belliger,1
doublefaggot,1
rude,1
les,1
rudi,1
snoringthey,1
ink,1
dreamlov,1
namemi,1
hermi,1
gs,1
sfirst,1
timedhoni,1
teju,1
hourish,1
nothi,1
groundamla,1
conveni,1
evalu,1
westshor,1
cheyyamoand,1
lolnic,1
nuerologist,1
rec,1
painhop,1
tau,1
piah,1
oha,1
jackson,1
shade,1
accentur,1
sitter,1
kaitlyn,1
peep,1
hen,1
sittin,1
herwil,1
ammo,1
sorrowsi,1
proov,1
planeti,1
prais,1
maki,1
sambarlif,1
thenwil,1
needl,1
meetitz,1
conect,1
spatula,1
complex,1
freeli,1
tax,1
outrag,1
ryder,1
unsoldnow,1
strip,1
postal,1
addressul,1
alrightokay,1
ak,1
wrking,1
bash,1
coop,1
weddin,1
ninish,1
ahge,1
retir,1
code,1
natwest,1
chad,1
gymnast,1
sugardad,1
christian,1
backa,1
token,1
youthat,1
bao,1
likingb,1
seeno,1
thatdont,1
aptitud,1
hors,1
onlinewhi,1
lunchyou,1
theseday,1
borin,1
boggi,1
biatch,1
meim,1
icki,1
mutat,1
shb,1
goggl,1
owo,1
fro,1
missi,1
samus,1
shoulder,1
vomitin,1
kkare,1
ridden,1
writh,1
ton,1
paypal,1
voila,1
pocket,1
sorta,1
blown,1
sopha,1
secondari,1
freek,1
ogunrind,1
chk,1
ms,1
dict,1
sunscreen,1
uv,1
alibi,1
apt,1
ltemailgt,1
weeddefici,1
cuck,1
meat,1
suprem,1
toldsh,1
dearregret,1
cudnt,1
calldrov,1
ctla,1
homeleft,1
surround,1
carent,1
ishtamayoohappi,1
bakrid,1
knowwait,1
glorious,1
cage,1
pace,1
sink,1
coax,1
souveni,1
cougarpen,1
opportunitypl,1
heroi,1
notebook,1
posterod,1
silli,1
eightish,1
carpark,1
ahth,1
tomorrowcal,1
ireneer,1
cresubi,1
parkph,1
daysn,1
sd,1
oath,1
juli,1
stripe,1
skirt,1
escal,1
tactless,1
beth,1
astound,1
charli,1
nobut,1
acknowledg,1
syllabus,1
poyyarikaturkolathupalayamunjalur,1
embarrass,1
stash,1
priya,1
applespairsal,1
splendid,1
yesim,1
ktv,1
misplac,1
sao,1
begun,1
jelli,1
perman,1
resid,1
malarki,1
clair,1
benefit,1
sundayish,1
hmmmi,1
hmmmhow,1
accumul,1
herwho,1
fate,1
shoranur,1
fuell,1
prior,1
grief,1
ratio,1
prompt,1
bognor,1
pleasant,1
prop,1
knowyetund,1
plsi,1
struggl,1
placeno,1
ego,1
necess,1
gowait,1
reppurcuss,1
del,1
cosign,1
hcl,1
fresher,1
processexcel,1
neededsalari,1
mssuman,1
bid,1
restuwud,1
reliant,1
fwiw,1
afford,1
kanowhr,1
impos,1
sq,1
citylink,1
burnt,1
eggpotato,1
someplac,1
hp,1
spose,1
rimac,1
arestaur,1
squid,1
dosometh,1
ucal,1
wrki,1
dabook,1
eachoth,1
luckili,1
smooth,1
openin,1
nightsexcel,1
breakfast,1
hamper,1
realiti,1
daal,1
unni,1
rechargerakhesh,1
lack,1
dramastorm,1
forfeit,1
digi,1
gosh,1
ibm,1
pressi,1
formal,1
ultim,1
tor,1
tui,1
achiev,1
kor,1
roll,1
newscast,1
dabbl,1
flute,1
wheel,1
weighthaha,1
theth,1
octob,1
safeti,1
aspect,1
oursso,1
youani,1
ovarian,1
cyst,1
shrink,1
onit,1
timin,1
ape,1
drama,1
lucyxx,1
drizzl,1
hail,1
chore,1
pressur,1
dirt,1
typic,1
doke,1
neshanthtel,1
byatch,1
whassup,1
cl,1
chiong,1
dialogu,1
reltnship,1
sindu,1
inour,1
ummmawil,1
dot,1
biggest,1
pose,1
comb,1
dryer,1
fps,1
madamregret,1
disturbancemight,1
exist,1
mist,1
premaricakind,1
aaooooright,1
problemi,1
alian,1
posibl,1
centuri,1
cm,1
frwd,1
bridg,1
nohe,1
clarif,1
missunderstd,1
coimbator,1
categori,1
cultur,1
ethnic,1
census,1
transcrib,1
parentsi,1
envi,1
mear,1
goodmat,1
asusu,1
franyxxxxx,1
batt,1
dlf,1
informedrgdsrakheshkerala,1
srs,1
onlybettr,1
offc,1
suganya,1
dessert,1
abeg,1
profit,1
sponsor,1
onum,1
candont,1
poet,1
imaginationmi,1
carso,1
rr,1
famamus,1
jenn,1
easiest,1
barcelona,1
tmorrowpl,1
kdo,1
daurgent,1
pansi,1
jungl,1
kanji,1
drinkpa,1
bsnl,1
kgive,1
err,1
yijuehotmailcom,1
kbut,1
hitteranyway,1
offlin,1
anjola,1
txting,1
lac,1
taxless,1
cozsomtim,1
supli,1
nver,1
imf,1
corrupt,1
itna,1
karo,1
pura,1
padhegm,1
torrent,1
commit,1
rightio,1
brum,1
scorabl,1
paranoid,1
brin,1
coupla,1
held,1
kilo,1
oooooh,1
nowadayslot,1
showroomsc,1
shape,1
doinat,1
callon,1
multi,1
kkyesterday,1
configur,1
anal,1
pear,1
summer,1
thatnow,1
prasad,1
mint,1
uxxxx,1
studyn,1
everyboy,1
xxxxxxxx,1
brilliantthingi,1
answr,1
liquor,1
tas,1
loko,1
oper,1
acnt,1
harish,1
printer,1
factori,1
ambiti,1
miiiiiiissssssssss,1
tunji,1
stuffmoro,1
misscal,1
frndz,1
wipro,1
tall,1
casualti,1
kanoil,1
aveng,1
toss,1
gudni,1
dancin,1
explicit,1
nora,1
smith,1
gayl,1
crucifi,1
but,1
vs,1
cedar,1
durham,1
fireplac,1
icon,1
fifth,1
agidhan,1
footblcrckt,1
swell,1
tim,1
bollox,1
tol,1
ingredi,1
poci,1
non,1
senor,1
giggl,1
persondi,1
nvq,1
youhow,1
grinder,1
youkwher,1
knowh,1
seeker,1
onluy,1
offcampus,1
riley,1
ew,1
howv,1
lingo,1
typelyk,1
swalpa,1
woozl,1
hogidhechinnu,1
machin,1
mys,1
down,1
fletcher,1
cozi,1
nightnobodi,1
buzzzz,1
trend,1
pros,1
con,1
descript,1
nuclear,1
fusion,1
iter,1
jet,1
nonenowher,1
ikno,1
doesdiscountshitinnit,1
jabo,1
hadya,1
sapna,1
maneg,1
yday,1
sweatter,1
blackand,1
pimpleseven,1
obedi,1
needi,1
grumpi,1
server,1
minecraft,1
playng,1
yupz,1
modelsoni,1
ericson,1
der,1
luk,1
modl,1
cheesi,1
frosti,1
witin,1
nudist,1
pump,1
ip,1
memor,1
signal,1
unusu,1
palm,1
state,1
perpetu,1
ft,1
danalla,1
pract,1
alsoor,1
rcbbattl,1
kochi,1
checkup,1
smear,1
gobi,1
pandi,1
technolog,1
todayh,1
olowoyey,1
uscedu,1
argentina,1
taxt,1
massagetiepo,1
lool,1
timeslil,1
busyi,1
scarcasim,1
naal,1
eruku,1
chikkuwat,1
dinnermsg,1
sensibl,1
plural,1
dd,1
flung,1
bbdpooja,1
rebtel,1
user,1
telugu,1
telugutht,1
mittelschmertz,1
paracetamol,1
salespe,1
cthen,1
conclus,1
atyour,1
rugbi,1
affidavit,1
twigg,1
courtroom,1
golden,1
wtc,1
weiyi,1
privat,1
godtaken,1
teethi,1
maggi,1
mee,1
nasti,1
com,1
firefox,1
oscar,1
signin,1
arr,1
am,1
uham,1
beforehand,1
justbeen,1
overa,1
mush,1
tund,1
mission,1
hairdress,1
avo,1
chachi,1
pl,1
tiz,1
kanagu,1
brat,1
moviewat,1
nowonion,1
derp,1
abus,1
lipo,1
easter,1
netflix,1
clash,1
financi,1
lager,1
zogtorius,1
angel,1
jontin,1
pen,1
biro,1
theater,1
mack,1
lark,1
object,1
lim,1
parachut,1
narcot,1
lambda,1
snowbal,1
whilltak,1
ello,1
ofic,1
evo,1
oficegot,1
duffer,1
grr,1
pharmaci,1
sometm,1
h,1
fffff,1
luton,1
ahold,1
srt,1
readyal,1
sh,1
gurl,1
engalnd,1
mia,1
elliot,1
wiproyou,1
matric,1
fedex,1
kyou,1
recept,1
ollubut,1
raksha,1
edukkukaye,1
okvarunnathu,1
toniteth,1
consensus,1
streetshal,1
bras,1
strewn,1
pillow,1
tonitebusi,1
dearshal,1
cruisin,1
wick,1
lifebook,1
zhong,1
qing,1
infra,1
shhhhh,1
arul,1
amk,1
santha,1
corrct,1
dane,1
basket,1
rupaul,1
practis,1
curtsey,1
uve,1
ssindia,1
african,1
soil,1
baig,1
communiti,1
outreach,1
lb,1
sportsx,1
visitor,1
pleassssssseeeee,1
bend,1
thia,1
gep,1
bowa,1
accord,1
featheri,1
hypertens,1
mineal,1
annoyin,1
suzi,1
nigro,1
anyplac,1
prioriti,1
ecstasi,1
hittng,1
reflex,1
nipost,1
adewal,1
egbon,1
minstand,1
bribe,1
mari,1
deduct,1
wrks,1
asshol,1
grab,1
payback,1
usp,1
tesco,1
sts,1
playerwhi,1
murali,1
uniquei,1
downon,1
theacus,1
itxt,1
iwana,1
wotu,1
thewend,1
haventcn,1
agesr,1
neth,1
satlov,1
vtire,1
inspect,1
nurseri,1
detailsi,1
youmi,1
itmail,1
panren,1
paru,1
chuckin,1
trainner,1
carryin,1
bac,1
gooddhanush,1
waythi,1
finn,1
habbahw,1
bedroomlov,1
tookplac,1
ghodbandar,1
slove,1
ahnow,1
wherebtw,1
nus,1
sc,1
wad,1
stereo,1
mi,1
classmat,1
firesar,1
missionari,1
hugh,1
lauri,1
prap,1
jon,1
kkadvanc,1
spain,1
dinero,1
pes,1
mylif,1
hunnywot,1
chikkusimpl,1
dileepthank,1
appropri,1
blessget,1
seh,1
womdarful,1
fridg,1
walsal,1
terri,1
ccna,1
shrek,1
db,1
fellow,1
teresa,1
diesel,1
dec,1
yould,1
bam,1
usml,1
squishi,1
mwah,1
promin,1
cheek,1
septemb,1
norm,1
comingdown,1
dagood,1
pai,1
stabl,1
muchand,1
afghanistan,1
supportveri,1
hererememb,1
venugop,1
mentionedtomorrow,1
latei,1
theregoodnight,1
everytim,1
textbook,1
algorithm,1
edit,1
bookshelf,1
yessura,1
tvlol,1
jos,1
remb,1
ui,1
intend,1
iwasmarinethat,1
itriedtel,1
urmomi,1
careabout,1
fake,1
iraq,1
inlud,1
preview,1
ambrithmaduraimet,1
intim,1
textin,1
greatby,1
amigo,1
progress,1
werent,1
arti,1
collag,1
tryin,1
walik,1
carton,1
shelv,1
mirror,1
jod,1
keri,1
smidgin,1
collegexx,1
accordin,1
knock,1
sicomo,1
nolistenedth,1
plaid,1
albumquit,1
gdthe,1
enam,1
nobl,1
boughtbraindancea,1
etern,1
towndontmatt,1
urgoin,1
outlr,1
yavnt,1
origin,1
ibuprofen,1
grown,1
chinatown,1
porridg,1
claypot,1
yam,1
fishhead,1
beehoon,1
jaklin,1
nearbi,1
ooh,1
moseley,1
thankyou,1
pendingi,1
dayswil,1
thrurespect,1
homecheck,1
loveabl,1
hilariousalso,1
compofstuff,1
crickit,1
surnam,1
vai,1
hanger,1
waqt,1
pehl,1
naseeb,1
zyada,1
kisi,1
ko,1
kuch,1
miltazindgi,1
hum,1
socht,1
zindgi,1
jeetey,1
varaya,1
elaya,1
anand,1
beach,1
deadwel,1
jez,1
iscom,1
todo,1
workand,1
axi,1
velli,1
aphex,1
clue,1
abel,1
nelson,1
bbs,1
unmit,1
goodfin,1
newspap,1
spanish,1
yummmm,1
puzzel,1
threat,1
shifad,1
godid,1
dust,1
watchin,1
lifetim,1
meaningless,1
brdget,1
jone,1
inev,1
hmmbad,1
newshyp,1
studio,1
takenon,1
imin,1
leagu,1
dha,1
blueu,1
pinku,1
orangei,1
lyk,1
greeni,1
yelowi,1
blackim,1
eldest,1
drugdeal,1
wondarful,1
hunonbus,1
donyt,1
homebut,1
latelyxxx,1
elama,1
sceneri,1
ownyouv,1
skalli,1
soooo,1
provid,1
cutest,1
dice,1
diskyou,1
howda,1
purpleu,1
redim,1
audri,1
saeed,1
marrgeremembr,1
kitti,1
shave,1
youwhen,1
tact,1
eggspert,1
potato,1
cram,1
satsgettin,1
admit,1
pei,1
rubber,1
subtoitl,1
gandhipuram,1
jot,1
storelik,1
cereal,1
strict,1
mudyadhu,1
thkin,1
resub,1
shadow,1
breadstick,1
samachara,1
autocorrect,1
dent,1
processit,1
reset,1
troubleshoot,1
stifl,1
strangersaw,1
dave,1
nowstil,1
mrur,1
getha,1
nosh,1
waaaat,1
lololo,1
comei,1
document,1
stapati,1
cuti,1
enc,1
babyjontet,1
stool,1
or,1
honesti,1
labor,1
shakara,1
beggar,1
ga,1
manual,1
simul,1
sfrom,1
andor,1
ubandu,1
lara,1
suppli,1
washob,1
nob,1
nickey,1
platt,1
spotti,1
provinc,1
sterl,1
problemfre,1
hall,1
kkgoodstudi,1
intha,1
ponnungal,1
ipaditan,1
reject,1
refund,1
dogg,1
alter,1
noisi,1
needa,1
soani,1
